{
  "best_model": "Content-Based Filtering",
  "best_score": 2.559348821037438,
  "model_scores": {
    "Cosine Similarity": {
      "avg_relevance": 0.9983782380628845,
      "avg_diversity": 1.064675899487398,
      "coverage_percentage": 6.466666666666667,
      "avg_execution_time": 5.016326904296875e-05,
      "composite_score": 0.8316823823294249
    },
    "K-Nearest Neighbors": {
      "avg_relevance": 0.9963999555627272,
      "avg_diversity": 0.6077597186461611,
      "coverage_percentage": 6.333333333333334,
      "avg_execution_time": 0.01660400629043579,
      "composite_score": 0.6919212828747039
    },
    "Content-Based Filtering": {
      "avg_relevance": 0.8699401860225746,
      "avg_diversity": 7.058581860525493,
      "coverage_percentage": 4.533333333333333,
      "avg_execution_time": 0.18019832372665406,
      "composite_score": 2.559348821037438
    }
  },
  "recommendation": "Utiliser Content-Based Filtering pour votre système de recommandation"
}