{
  "best_model": "Cosine Similarity",
  "best_score": 1.012586671576773,
  "model_scores": {
    "Cosine Similarity": {
      "avg_relevance": 0.9990358515731155,
      "avg_diversity": 1.6690361892262657,
      "coverage_percentage": 6.133333333333333,
      "avg_execution_time": 5.1927566528320315e-05,
      "composite_score_original": 1.012586671576773,
      "composite_score_corrected": 1.012586671576773,
      "has_bug": false
    },
    "K-Nearest Neighbors": {
      "avg_relevance": 0.998557688953807,
      "avg_diversity": 0.6270832748376408,
      "coverage_percentage": 6.466666666666667,
      "avg_execution_time": 0.011448514461517335,
      "composite_score_original": 0.6993494984128416,
      "composite_score_corrected": 0.6993494984128416,
      "has_bug": false
    },
    "Content-Based Filtering": {
      "avg_relevance": 0.896506997321765,
      "avg_diversity": 7.675973664520642,
      "coverage_percentage": 4.333333333333334,
      "avg_execution_time": 0.19084805250167847,
      "composite_score_original": 2.7540353345604793,
      "composite_score_corrected": 0.7956611548138728,
      "has_bug": 